<?xml version="1.0" encoding="utf-8" standalone="yes" ?>
<rss version="2.0" xmlns:atom="http://www.w3.org/2005/Atom">
  <channel>
    <title>Categories on Strata</title>
    <link>/categories/</link>
    <description>Recent content in Categories on Strata</description>
    <generator>Hugo -- gohugo.io</generator>
    <language>en-us</language>
    
	<atom:link href="/categories/index.xml" rel="self" type="application/rss+xml" />
    
    
    <item>
      <title>Ipsum</title>
      <link>/categories/ipsum/</link>
      <pubDate>Thu, 17 Sep 2015 13:47:08 +0200</pubDate>
      
      <guid>/categories/ipsum/</guid>
      <description></description>
    </item>
    
    <item>
      <title>Lorem</title>
      <link>/categories/lorem/</link>
      <pubDate>Sat, 10 Oct 2015 13:07:31 +0200</pubDate>
      
      <guid>/categories/lorem/</guid>
      <description></description>
    </item>
    
    <item>
      <title>Resume</title>
      <link>/categories/resume/</link>
      <pubDate>Sun, 24 Sep 2017 13:50:46 +0200</pubDate>
      
      <guid>/categories/resume/</guid>
      <description></description>
    </item>
    
  </channel>
</rss>